Title,Description,Status
"Stakeholder Interviews","Identify user roles and gather requirements for all features","To do"
"Write Project Overview","Document high-level goals and features","To do"
"Create System Architecture Diagram","Design and upload system architecture diagram","To do"
"Create Use Case Diagram","Design and upload use case diagram","To do"
"Create ER Diagram","Design and upload entity-relationship diagram","To do"
"Create Class Diagram","Design and upload class diagram","To do"
"Create Relational Schema","Define tables, keys, and constraints","To do"
"Create Activity Diagram","Design and upload activity diagram for order flow","To do"
"Create Sequence Diagram","Design and upload sequence diagram for product upload and quality detection","To do"
"Initialize Git Repository","Set up version control and README","To do"
"Set Up Django Project","Create Django backend and configure database","To do"
"Set Up React Project","Create React frontend with TypeScript","To do"
"Define Django Models","Implement User, Product, QualityReport, Order, Route, Message, Recommendation models","To do"
"Run Initial Migrations","Apply migrations and seed test data","To do"
"Implement Authentication","Add registration, login, and JWT authentication","To do"
"Implement Role-based Permissions","Set up permissions for Buyer, Seller, Transporter, Admin","To do"
"Build Product CRUD APIs","Create endpoints for product management","To do"
"Build Order APIs","Create endpoints for order placement and tracking","To do"
"Build Messaging APIs","Create endpoints for user messaging","To do"
"Build Recommendation API","Create endpoint for buyer recommendations","To do"
"Build Quality Report API","Create endpoint for product quality reports","To do"
"Build Route API","Create endpoint for transporter routes","To do"
"Write Serializers","Implement serializers for all models","To do"
"Implement Frontend Auth Flows","Build registration, login, and protected routes","To do"
"Build Seller Dashboard","Implement product and order management UI","To do"
"Build Buyer Dashboard","Implement product browsing, recommendations, and order UI","To do"
"Build Transporter Dashboard","Implement delivery and route UI","To do"
"Build Admin Dashboard","Implement user and product management UI","To do"
"Build Product Pages","Implement product listing, details, and upload UI","To do"
"Build Order Pages","Implement order placement and tracking UI","To do"
"Build Messaging UI","Implement chat interface for buyers and sellers","To do"
"Integrate OpenCV for Quality Detection","Set up image analysis service and connect to backend","To do"
"Implement Dynamic Pricing","Add backend logic for price calculation based on quality","To do"
"Implement Recommendation Engine","Add rule-based recommendation logic and connect to frontend","To do"
"Integrate Route Optimization","Connect backend to routing service and display in frontend","To do"
"Write Backend Tests","Add unit and integration tests for backend","To do"
"Write Frontend Tests","Add component and integration tests for frontend","To do"
"Write End-to-End Tests","Add user flow tests with Cypress or Playwright","To do"
"Paper Publication","Prepare and submit a paper on the project","To do"
